@id,rdf:type,skos:inScheme,skos:topConceptOf,skos:broader,skos:prefLabel,rdfs:label,skos:altLabel[1],skos:altLabel[2],skos:altLabel[3],skos:altLabel[4],skos:altLabel[5],skos:altLabel[6],skos:altLabel[7],skos:note,pav:version
iskouk:subjects,skos:ConceptScheme,,,,ISKO UK Subjects Taxonomy,ISKO UK Subjects Taxonomy,,,,,,,,,1.0
iskouk:9UFY9ETZ,skos:Concept,iskouk:subjects,iskouk:subjects,,Content repositories,,,,,,,,,,
iskouk:TU3G0039,skos:Concept,iskouk:subjects,,iskouk:9UFY9ETZ,Archives,,,,,,,,,,
iskouk:HHF597ZG,skos:Concept,iskouk:subjects,,iskouk:9UFY9ETZ,Collection management systems,,,,,,,,,,
iskouk:LYD4LF3C,skos:Concept,iskouk:subjects,,iskouk:HHF597ZG,Library management system,,,,,,,,,,
iskouk:LT26L0F4,skos:Concept,iskouk:subjects,,iskouk:9UFY9ETZ,Content management systems,,,,,,,,,,
iskouk:TYPABJ5A,skos:Concept,iskouk:subjects,,iskouk:LT26L0F4,SharePoint,,,,,,,,,,
iskouk:G4OURL6K,skos:Concept,iskouk:subjects,,iskouk:9UFY9ETZ,Databases,,,,,,,,,,
iskouk:ELKGW69O,skos:Concept,iskouk:subjects,,iskouk:G4OURL6K,Dbpedia,,,,,,,,,,
iskouk:NS9ZHDT0,skos:Concept,iskouk:subjects,,iskouk:9UFY9ETZ,Information asset registers,,,,,,,,,,
iskouk:VYJDA4SJ,skos:Concept,iskouk:subjects,,iskouk:9UFY9ETZ,Intranets,,,,,,,,,,
iskouk:5SLOHCQR,skos:Concept,iskouk:subjects,,iskouk:9UFY9ETZ,Libraries,,,,,,,,,,
iskouk:6VLSNGQT,skos:Concept,iskouk:subjects,,iskouk:5SLOHCQR,Digital libraries,,,,,,,,,,
iskouk:0D82XPPC,skos:Concept,iskouk:subjects,,iskouk:9UFY9ETZ,Metadata registries,,,,,,,,,,
iskouk:KGZMQ81C,skos:Concept,iskouk:subjects,,iskouk:9UFY9ETZ,Online services,,News services,Journal services,,,,,,,
iskouk:BRHOGMD8,skos:Concept,iskouk:subjects,,iskouk:KGZMQ81C,Dialog,,,,,,,,,,
iskouk:XU2AGFTH,skos:Concept,iskouk:subjects,,iskouk:KGZMQ81C,Factiva,,,,,,,,,,
iskouk:F142AVAG,skos:Concept,iskouk:subjects,,iskouk:KGZMQ81C,LexisNexis,,,,,,,,,,
iskouk:W50L1KJK,skos:Concept,iskouk:subjects,,iskouk:KGZMQ81C,Medline,,,,,,,,,,
iskouk:PMI70J9C,skos:Concept,iskouk:subjects,,iskouk:KGZMQ81C,PubMed,,,,,,,,,,
iskouk:CCMEP1FZ,skos:Concept,iskouk:subjects,,iskouk:9UFY9ETZ,Terminology management systems,,,,,,,,,,
iskouk:EI0RPSK8,skos:Concept,iskouk:subjects,,iskouk:CCMEP1FZ,Taxonomy management systems,,,,,,,,,,
iskouk:TZPLC0AR,skos:Concept,iskouk:subjects,,iskouk:CCMEP1FZ,Thesaurus management systems,,,,,,,,,,
iskouk:Q6OJYEKE,skos:Concept,iskouk:subjects,,iskouk:CCMEP1FZ,Ontology management systems,,,,,,,,,,
iskouk:Z29K9ZP2,skos:Concept,iskouk:subjects,,iskouk:9UFY9ETZ,Terminology registries,,KOS registries,Knowledge Organization System registries,,,,,,,
iskouk:RGSETEYP,skos:Concept,iskouk:subjects,,iskouk:Z29K9ZP2,BARTOC,,,,,,,,,,
iskouk:67ZW7M5G,skos:Concept,iskouk:subjects,iskouk:subjects,,Data and information types,,,,,,,,,,
iskouk:8ZGFI7BP,skos:Concept,iskouk:subjects,,iskouk:67ZW7M5G,Audiovisual materials,,A/V,,,,,,,,
iskouk:76Z0HDI5,skos:Concept,iskouk:subjects,,iskouk:67ZW7M5G,Blogs,,,,,,,,,,
iskouk:PR687YKO,skos:Concept,iskouk:subjects,,iskouk:67ZW7M5G,Business documents,,Enterprise content,Corporate information,,,,,,,
iskouk:DKIAAD71,skos:Concept,iskouk:subjects,,iskouk:67ZW7M5G,Data,,,,,,,,,,
iskouk:W215GY63,skos:Concept,iskouk:subjects,,iskouk:DKIAAD71,Address data,,Addresses,Address gazetteer,,,,,,,
iskouk:D8DMSMHB,skos:Concept,iskouk:subjects,,iskouk:DKIAAD71,Big data,,,,,,,,,,
iskouk:8DNZDIAJ,skos:Concept,iskouk:subjects,,iskouk:DKIAAD71,Geospatial data,,Geospatial information,Location data,Spatial data,Geodata,,,,,
iskouk:DHFBT3K0,skos:Concept,iskouk:subjects,,iskouk:DKIAAD71,Medical records,,Patient records,Clinical records,Health records,,,,,,
iskouk:HGRGMCFH,skos:Concept,iskouk:subjects,,iskouk:DKIAAD71,Linked open data,,Linked data,,,,,,,,
iskouk:TPVRXYNX,skos:Concept,iskouk:subjects,,iskouk:DKIAAD71,Open data,,,,,,,,,,
iskouk:9TF2ASWF,skos:Concept,iskouk:subjects,,iskouk:DKIAAD71,Personal data,,,,,,,,,,
iskouk:SJG9ANW6,skos:Concept,iskouk:subjects,,iskouk:DKIAAD71,Public data,,Personal information,Public sector data,,,,,,Confirmed different to Open data.,
iskouk:Q5RA1J29,skos:Concept,iskouk:subjects,,iskouk:67ZW7M5G,Grey literature,,,,,,,,,,
iskouk:3ZVOYSOX,skos:Concept,iskouk:subjects,,iskouk:67ZW7M5G,Identifiers,,,,,,,,,,
iskouk:AR2YUHO3,skos:Concept,iskouk:subjects,,iskouk:3ZVOYSOX,Digital Object Identifiers,,DOI,,,,,,,,
iskouk:ZI2EQI8D,skos:Concept,iskouk:subjects,,iskouk:3ZVOYSOX,International Resource Identifiers,,IRI,,,,,,,,
iskouk:T769ZBER,skos:Concept,iskouk:subjects,,iskouk:3ZVOYSOX,Uniform Resource Identifiers,,URI,,,,,,,,
iskouk:W91MXJ7V,skos:Concept,iskouk:subjects,,iskouk:3ZVOYSOX,Unique Property Reference Numbers,,UPRN,,,,,,,,
iskouk:XKUZIVQY,skos:Concept,iskouk:subjects,,iskouk:67ZW7M5G,Images,,,,,,,,,,
iskouk:88BK5GN6,skos:Concept,iskouk:subjects,,iskouk:XKUZIVQY,Infographics,,,,,,,,,,
iskouk:8L5MEKEC,skos:Concept,iskouk:subjects,,iskouk:XKUZIVQY,Photographs,,,,,,,,,,
iskouk:3EUZDJS5,skos:Concept,iskouk:subjects,,iskouk:67ZW7M5G,Multimedia,,,,,,,,,,
iskouk:2XM537H5,skos:Concept,iskouk:subjects,,iskouk:67ZW7M5G,Social media,,Social networks,,,,,,,,
iskouk:RYX5J1OV,skos:Concept,iskouk:subjects,,iskouk:2XM537H5,Facebook,,,,,,,,,,
iskouk:K8YOYJOW,skos:Concept,iskouk:subjects,,iskouk:67ZW7M5G,Videos,,,,,,,,,,
iskouk:202AASH6,skos:Concept,iskouk:subjects,,iskouk:67ZW7M5G,Web sites,,Web pages,Websites,,,,,,,
iskouk:I01931DD,skos:Concept,iskouk:subjects,,iskouk:67ZW7M5G,Wikis,,,,,,,,,,
iskouk:9SZAFUGD,skos:Concept,iskouk:subjects,iskouk:subjects,,Information professionals,,,,,,,,,,
iskouk:0LEPGCWQ,skos:Concept,iskouk:subjects,,iskouk:9SZAFUGD,Data architects,,,,,,,,,,
iskouk:L72G5W0J,skos:Concept,iskouk:subjects,,iskouk:9SZAFUGD,Information architects,,,,,,,,,,
iskouk:1OFZ35SJ,skos:Concept,iskouk:subjects,,iskouk:9SZAFUGD,Information managers,,,,,,,,,,
iskouk:XYPM9UDO,skos:Concept,iskouk:subjects,,iskouk:9SZAFUGD,Knowledge managers,,,,,,,,,,
iskouk:J5H0NJSA,skos:Concept,iskouk:subjects,,iskouk:9SZAFUGD,Ontologists,,,,,,,,,,
iskouk:UPSE41RH,skos:Concept,iskouk:subjects,,iskouk:9SZAFUGD,Records managers,,,,,,,,,,
iskouk:EAZ7DERP,skos:Concept,iskouk:subjects,,iskouk:9SZAFUGD,Taxonomists,,,,,,,,,,
iskouk:0WXEID7H,skos:Concept,iskouk:subjects,,iskouk:9SZAFUGD,User researchers,,User experience designers,UX designers,,,,,,,
iskouk:PRUIHEDJ,skos:Concept,iskouk:subjects,iskouk:subjects,,Information retrieval,,Findability,Discoverability,Resource discovery,Information discovery,,,,,
iskouk:JP493S7E,skos:Concept,iskouk:subjects,,iskouk:PRUIHEDJ,Evaluating search,,Search performance,,,,,,,,
iskouk:HA7G50BV,skos:Concept,iskouk:subjects,,iskouk:PRUIHEDJ,Federated search,,,,,,,,,,
iskouk:CMYJ6BZX,skos:Concept,iskouk:subjects,,iskouk:PRUIHEDJ,Multi-lingual search,,Multilingual search,,,,,,,,
iskouk:TJOXPLHO,skos:Concept,iskouk:subjects,,iskouk:PRUIHEDJ,Parametric search,,,,,,,,,,
iskouk:M43I7DWD,skos:Concept,iskouk:subjects,,iskouk:PRUIHEDJ,Search engines,,Search applications,,,,,,,,
iskouk:W01ZMGRG,skos:Concept,iskouk:subjects,,iskouk:M43I7DWD,Google,,,,,,,,,,
iskouk:3LRPI0M5,skos:Concept,iskouk:subjects,,iskouk:PRUIHEDJ,Search strategies,,,,,,,,,,
iskouk:3Y4HHW6Y,skos:Concept,iskouk:subjects,iskouk:subjects,,Information technology,,,,,,,,,,
iskouk:G1K3L21D,skos:Concept,iskouk:subjects,,iskouk:3Y4HHW6Y,Artificial intelligence,,,,,,,,,,
iskouk:6ZA4RUD4,skos:Concept,iskouk:subjects,,iskouk:G1K3L21D,Machine learning,,,,,,,,,,
iskouk:LROL2WB8,skos:Concept,iskouk:subjects,,iskouk:G1K3L21D,Natural language processing,,NLP,,,,,,,,
iskouk:HHLPD626,skos:Concept,iskouk:subjects,,iskouk:3Y4HHW6Y,Cloud computing,,,,,,,,,,
iskouk:I2423DI3,skos:Concept,iskouk:subjects,,iskouk:3Y4HHW6Y,GIS technology,,,,,,,,,,
iskouk:97SKT2V2,skos:Concept,iskouk:subjects,,iskouk:3Y4HHW6Y,Grid computing,,,,,,,,,,
iskouk:080P8HOA,skos:Concept,iskouk:subjects,,iskouk:3Y4HHW6Y,Internet of things,,,,,,,,,,
iskouk:0V9V587N,skos:Concept,iskouk:subjects,,iskouk:080P8HOA,RFID,,,,,,,,,,
iskouk:LZ2G0H2V,skos:Concept,iskouk:subjects,,iskouk:3Y4HHW6Y,Web 2.0,,Social web,,,,,,,,
iskouk:NTXH2DJK,skos:Concept,iskouk:subjects,,iskouk:3Y4HHW6Y,Web 3.0,,Semantic web,,,,,,,,
iskouk:8N16QA77,skos:Concept,iskouk:subjects,iskouk:subjects,,Knowledge organization bodies,,,,,,,,,,
iskouk:NB7Y7HXC,skos:Concept,iskouk:subjects,,iskouk:8N16QA77,CILIP,,,,,,,,,,
iskouk:OL5LP47Q,skos:Concept,iskouk:subjects,,iskouk:8N16QA77,Classification Research Group,,CRG,,,,,,,,
iskouk:KLCYHC05,skos:Concept,iskouk:subjects,,iskouk:8N16QA77,KIDMM,,,,,,,,,,
iskouk:JT5SS634,skos:Concept,iskouk:subjects,,iskouk:8N16QA77,NKOS,,,,,,,,,,
iskouk:05RWVAIH,skos:Concept,iskouk:subjects,iskouk:subjects,,Knowledge organization people,,,,,,,,,,
iskouk:OXW5VV3R,skos:Concept,iskouk:subjects,,iskouk:05RWVAIH,Brian Vickery,,Vickery,,,,,,,,
iskouk:JACQY81Q,skos:Concept,iskouk:subjects,,iskouk:05RWVAIH,Charles Cutter,,Cutter,,,,,,,,
iskouk:9S5PO87Q,skos:Concept,iskouk:subjects,,iskouk:05RWVAIH,Derek Austin,,,,,,,,,,
iskouk:3GJL9UR3,skos:Concept,iskouk:subjects,,iskouk:05RWVAIH,Douglas Foskett,,D. J. Foskett,Foskett,,,,,,,
iskouk:25BWYBCX,skos:Concept,iskouk:subjects,,iskouk:05RWVAIH,Jason Farradane,,Farradane,,,,,,,,
iskouk:YQYGP9U3,skos:Concept,iskouk:subjects,,iskouk:05RWVAIH,Paul Otlet,,Otlet,,,,,,,,
iskouk:MFPDBEN0,skos:Concept,iskouk:subjects,,iskouk:05RWVAIH,S. R. Ranganathan,,Ranganathan,,,,,,,,
iskouk:O2UECUAK,skos:Concept,iskouk:subjects,iskouk:subjects,,Knowledge organization processes,,,,,,,,,,
iskouk:G7ARP36B,skos:Concept,iskouk:subjects,,iskouk:O2UECUAK,Cataloguing,,Collection description,,,,,,,,
iskouk:9OQMAHBK,skos:Concept,iskouk:subjects,,iskouk:O2UECUAK,Content analysis,,Text analysis,Subject analysis,,,,,,,
iskouk:L1Z7ZXDS,skos:Concept,iskouk:subjects,,iskouk:O2UECUAK,Data mining,,,,,,,,,,
iskouk:L0C9LMAF,skos:Concept,iskouk:subjects,,iskouk:O2UECUAK,Domain modelling,,Domain analysis,,,,,,,,
iskouk:3LYHQWO2,skos:Concept,iskouk:subjects,,iskouk:O2UECUAK,Facet analysis,,,,,,,,,,
iskouk:59ITCJ1Y,skos:Concept,iskouk:subjects,,iskouk:O2UECUAK,Indexing,,,,,,,,,,
iskouk:FG4WCKOZ,skos:Concept,iskouk:subjects,,iskouk:59ITCJ1Y,Post-coordinated indexing,,,,,,,,,,
iskouk:BM9RWKAB,skos:Concept,iskouk:subjects,,iskouk:59ITCJ1Y,Pre-coordinated indexing,,PRECIS,,,,,,,,
iskouk:JJROM0NZ,skos:Concept,iskouk:subjects,,iskouk:O2UECUAK,Information auditing,,Information audits,Information inventories,,,,,,,
iskouk:EIWTP7W4,skos:Concept,iskouk:subjects,,iskouk:O2UECUAK,Interoperability,,,,,,,,,,
iskouk:4JNSOS6M,skos:Concept,iskouk:subjects,,iskouk:O2UECUAK,Knowledge sharing,,Information sharing,,,,,,,,
iskouk:4OX6PDD7,skos:Concept,iskouk:subjects,,iskouk:O2UECUAK,KOS development,,Vocabulary building,Vocabulary management,Vocabulary control,,,,,,
iskouk:ZRJTK0W1,skos:Concept,iskouk:subjects,,iskouk:4OX6PDD7,Metadata design,,Metadata management,,,,,,,,
iskouk:Q79A7LQ5,skos:Concept,iskouk:subjects,,iskouk:4OX6PDD7,Taxonomy development,,Taxonomy management,,,,,,,,
iskouk:ZWK2RJRN,skos:Concept,iskouk:subjects,,iskouk:4OX6PDD7,Thesaurus development,,Thesaurus management,,,,,,,,
iskouk:QBTOI3AC,skos:Concept,iskouk:subjects,,iskouk:4OX6PDD7,Ontology development,,Ontology management,,,,,,,,
iskouk:V8W6KT2V,skos:Concept,iskouk:subjects,,iskouk:O2UECUAK,Mapping KOS,,,,,,,,,,
iskouk:S11XYTIH,skos:Concept,iskouk:subjects,,iskouk:V8W6KT2V,Mapping metadata,,Metadata mapping,Metadata crosswalks,,,,,,,
iskouk:UHDPFFCI,skos:Concept,iskouk:subjects,,iskouk:V8W6KT2V,Mapping taxonomies,,Taxonomy mapping,Taxonomy crosswalks,Vocaulary crosswalks,,,,,,
iskouk:9P3UXGWG,skos:Concept,iskouk:subjects,,iskouk:O2UECUAK,Personalisation,,,,,,,,,,
iskouk:FC1FP29D,skos:Concept,iskouk:subjects,,iskouk:O2UECUAK,Sentiment analysis,,,,,,,,,,
iskouk:16LVUVBG,skos:Concept,iskouk:subjects,,iskouk:O2UECUAK,Tagging,,Keywording,,,,,,,,
iskouk:XPBRH3E0,skos:Concept,iskouk:subjects,,iskouk:16LVUVBG,Autocategorization,,Autocategorisation,Automatic document categorisation,Automatic tagging,Autotagging,Automatic metadata,Autoclassification,Text classification,,
iskouk:00I8GP8X,skos:Concept,iskouk:subjects,,iskouk:16LVUVBG,Social tagging,,,,,,,,,,
iskouk:7EYIQGVX,skos:Concept,iskouk:subjects,,iskouk:O2UECUAK,Text mining,,Semantic mining,,,,,,,,
iskouk:QZVKDLQV,skos:Concept,iskouk:subjects,,iskouk:O2UECUAK,User-centred design,,User experience design,UX design,User interface design,,,,,,
iskouk:8LP5T9WT,skos:Concept,iskouk:subjects,,iskouk:QZVKDLQV,User-centred research,,,,,,,,,,
iskouk:1VL1HVML,skos:Concept,iskouk:subjects,,iskouk:O2UECUAK,Website design,,,,,,,,,,
iskouk:C8FTPR46,skos:Concept,iskouk:subjects,,iskouk:1VL1HVML,Search optimisation,,,,,,,,,,
iskouk:PYDVF1ME,skos:Concept,iskouk:subjects,iskouk:subjects,,Knowledge organization standards,,KOS standards,,,,,,,,
iskouk:840TSNC5,skos:Concept,iskouk:subjects,,iskouk:PYDVF1ME,AACR2,,,,,,,,,,
iskouk:PBSRSGVE,skos:Concept,iskouk:subjects,,iskouk:PYDVF1ME,BS 8723,,BS8723,DD8723,,,,,,,
iskouk:NBW3BBSM,skos:Concept,iskouk:subjects,,iskouk:PYDVF1ME,Dublin Core,,DCMI,Dublin Core  Metadata Initiative,,,,,,,
iskouk:GZPB3JCI,skos:Concept,iskouk:subjects,,iskouk:PYDVF1ME,FRBR,,,,,,,,,,
iskouk:PC6PQJKE,skos:Concept,iskouk:subjects,,iskouk:PYDVF1ME,IEEE Standard for Learning Objects,,LOM,,,,,,,,
iskouk:JPQUM1MB,skos:Concept,iskouk:subjects,,iskouk:PYDVF1ME,ISO 25964,,,,,,,,,,
iskouk:AW4TXN05,skos:Concept,iskouk:subjects,,iskouk:PYDVF1ME,MARC,,,,,,,,,,
iskouk:X1CXLT9D,skos:Concept,iskouk:subjects,,iskouk:PYDVF1ME,MoReq2,,,,,,,,,,
iskouk:ZLQ5SY38,skos:Concept,iskouk:subjects,,iskouk:PYDVF1ME,OWL2,,Web Ontology Language,OWL,,,,,,,
iskouk:JTVKZ0LN,skos:Concept,iskouk:subjects,,iskouk:PYDVF1ME,RDFS,,,,,,,,,,
iskouk:9DWO177V,skos:Concept,iskouk:subjects,,iskouk:PYDVF1ME,SKOS,,Standard Knowledge Organization System,,,,,,,,
iskouk:INQNB7AQ,skos:Concept,iskouk:subjects,,iskouk:PYDVF1ME,Search/Retrieve via URL,,SRU,,,,,,,,
iskouk:S0MQSJ0I,skos:Concept,iskouk:subjects,,iskouk:PYDVF1ME,XML,,,,,,,,,,
iskouk:PU9QRADB,skos:Concept,iskouk:subjects,iskouk:subjects,,Knowledge organization systems,,KOS,Retrieval languages,,,,,,,
iskouk:YYUZ6HPE,skos:Concept,iskouk:subjects,,iskouk:PU9QRADB,Business classification schemes,,,,,,,,,,
iskouk:Z6UX1M59,skos:Concept,iskouk:subjects,,iskouk:PU9QRADB,Catalogues,,Catalogs,,,,,,,,
iskouk:EQGIRIWH,skos:Concept,iskouk:subjects,,iskouk:Z6UX1M59,OPAC,,Online Public Access Catalogues,,,,,,,,
iskouk:KYMMW9O8,skos:Concept,iskouk:subjects,,iskouk:PU9QRADB,Classification schemes,,,,,,,,,,
iskouk:1B28UD6Y,skos:Concept,iskouk:subjects,,iskouk:KYMMW9O8,Bliss Bibliographic Classification,,BC2,Bliss Classification,,,,,,,
iskouk:8CC6T7W5,skos:Concept,iskouk:subjects,,iskouk:KYMMW9O8,Colon Classification,,,,,,,,,,
iskouk:GUDBFJ2E,skos:Concept,iskouk:subjects,,iskouk:KYMMW9O8,Dewey Decimal System,,DDC,,,,,,,,
iskouk:9E5ZG1GT,skos:Concept,iskouk:subjects,,iskouk:KYMMW9O8,Library of Congress Classification,,LCC,,,,,,,,
iskouk:VON5IJO7,skos:Concept,iskouk:subjects,,iskouk:KYMMW9O8,Universal Decimal Classification,,UDC,,,,,,,,
iskouk:Z00JMWB6,skos:Concept,iskouk:subjects,,iskouk:PU9QRADB,Conceptual models,,,,,,,,,,
iskouk:U91TJTSJ,skos:Concept,iskouk:subjects,,iskouk:Z00JMWB6,FRBR,,Functional Requirements for Bibliographic Records,,,,,,,,
iskouk:I2ZHHLNZ,skos:Concept,iskouk:subjects,,iskouk:Z00JMWB6,FRSAD,,Functional Requirements for Subject Authority Data,,,,,,,,
iskouk:1YCTW7XZ,skos:Concept,iskouk:subjects,,iskouk:PU9QRADB,Data architecture,,,,,,,,,,
iskouk:MDKDSCR7,skos:Concept,iskouk:subjects,,iskouk:PU9QRADB,Data models,,,,,,,,,,
iskouk:X2SFPR3Q,skos:Concept,iskouk:subjects,,iskouk:PU9QRADB,Domain models,,,,,,,,,,
iskouk:BPEVJUGL,skos:Concept,iskouk:subjects,,iskouk:PU9QRADB,Faceted classification,,,,,,,,,,
iskouk:TWPFMU4L,skos:Concept,iskouk:subjects,,iskouk:PU9QRADB,Filters,,,,,,,,,,
iskouk:FVKXA4HR,skos:Concept,iskouk:subjects,,iskouk:PU9QRADB,Folksonomies,,,,,,,,,,
iskouk:P5UQOBEY,skos:Concept,iskouk:subjects,,iskouk:PU9QRADB,Information architecture,,Content architecture,,,,,,,,
iskouk:Q4L57KRN,skos:Concept,iskouk:subjects,,iskouk:PU9QRADB,Metadata,,,,,,,,,,
iskouk:5ZVVTVIZ,skos:Concept,iskouk:subjects,,iskouk:PU9QRADB,Navigation systems,,,,,,,,,,
iskouk:4WNPCVVX,skos:Concept,iskouk:subjects,,iskouk:PU9QRADB,Ontologies,,,,,,,,,,
iskouk:MCBV57TL,skos:Concept,iskouk:subjects,,iskouk:PU9QRADB,Structured vocabularies,,Controlled vocabularies,,,,,,,,
iskouk:XWA97Y4T,skos:Concept,iskouk:subjects,,iskouk:MCBV57TL,Authority files,,,,,,,,,,
iskouk:SP6MREAA,skos:Concept,iskouk:subjects,,iskouk:MCBV57TL,Indexes,,,,,,,,,,
iskouk:YU6T0DJA,skos:Concept,iskouk:subjects,,iskouk:MCBV57TL,Library of Congress Subject Headings,,LCSH,,,,,,,,
iskouk:5ML5Q5CH,skos:Concept,iskouk:subjects,,iskouk:MCBV57TL,Multi-lingual vocabularies,,,,,,,,,,
iskouk:ZCU5FP4Z,skos:Concept,iskouk:subjects,,iskouk:MCBV57TL,SNOMED,,Read Codes,,,,,,,,
iskouk:MP3F7566,skos:Concept,iskouk:subjects,,iskouk:MCBV57TL,Synonym rings,,,,,,,,,,
iskouk:22THY8MD,skos:Concept,iskouk:subjects,,iskouk:MCBV57TL,Taxonomies,,,,,,,,,,
iskouk:7WVN21PO,skos:Concept,iskouk:subjects,,iskouk:MCBV57TL,Thesauri,,,,,,,,,,
iskouk:5E71PYGR,skos:Concept,iskouk:subjects,,iskouk:PU9QRADB,Topic maps,,,,,,,,,,
iskouk:8W4VOTG0,skos:Concept,iskouk:subjects,iskouk:subjects,,Knowledge visualization,,Visualising knowledge,,,,,,,,
iskouk:P3KFMFRE,skos:Concept,iskouk:subjects,,iskouk:8W4VOTG0,Knowledge graphs,,,,,,,,,,
iskouk:R3TLQ6R0,skos:Concept,iskouk:subjects,iskouk:subjects,,Management,,,,,,,,,,
iskouk:NH62N0UY,skos:Concept,iskouk:subjects,,iskouk:R3TLQ6R0,Archives management,,Archival science,,,,,,,,
iskouk:C3JU69LD,skos:Concept,iskouk:subjects,,iskouk:R3TLQ6R0,Change management,,,,,,,,,,
iskouk:FXZFJRNO,skos:Concept,iskouk:subjects,,iskouk:C3JU69LD,Requirements gathering,,,,,,,,,,
iskouk:6WLL4S41,skos:Concept,iskouk:subjects,,iskouk:R3TLQ6R0,Collection management,,Collection development,,,,,,,,
iskouk:W3ENEJYW,skos:Concept,iskouk:subjects,,iskouk:R3TLQ6R0,Digital asset management,,Media asset management,,,,,,,,
iskouk:VM1WFWR1,skos:Concept,iskouk:subjects,,iskouk:R3TLQ6R0,Information management,,,,,,,,,,
iskouk:ZUR9HUXP,skos:Concept,iskouk:subjects,,iskouk:R3TLQ6R0,Knowledge management,,,,,,,,,,
iskouk:9FLLMYOM,skos:Concept,iskouk:subjects,,iskouk:R3TLQ6R0,Library and information services,,,,,,,,,,
iskouk:D6RYVIZS,skos:Concept,iskouk:subjects,,iskouk:R3TLQ6R0,Programme management,,,,,,,,,,
iskouk:1TRGOFDN,skos:Concept,iskouk:subjects,,iskouk:R3TLQ6R0,Project management,,,,,,,,,,
iskouk:W42YTR6R,skos:Concept,iskouk:subjects,,iskouk:R3TLQ6R0,Records management,,,,,,,,,,
iskouk:YRCMXSO0,skos:Concept,iskouk:subjects,,iskouk:R3TLQ6R0,Strategic development,,,,,,,,,,
iskouk:8BBVYY0G,skos:Concept,iskouk:subjects,,iskouk:YRCMXSO0,Content strategies,,,,,,,,,,
iskouk:AWWBTKUU,skos:Concept,iskouk:subjects,,iskouk:YRCMXSO0,Digital strategies,,,,,,,,,,
iskouk:IOQ48TOR,skos:Concept,iskouk:subjects,iskouk:subjects,,Professional development,,,,,,,,,,
iskouk:8D3QU4J1,skos:Concept,iskouk:subjects,,iskouk:IOQ48TOR,Academic courses,,,,,,,,,,
iskouk:RD1G0HTM,skos:Concept,iskouk:subjects,,iskouk:IOQ48TOR,Career development,,,,,,,,,,
iskouk:333LTKLI,skos:Concept,iskouk:subjects,,iskouk:IOQ48TOR,Skills development,,,,,,,,,,
iskouk:MJJQL1BQ,skos:Concept,iskouk:subjects,,iskouk:IOQ48TOR,Training,,,,,,,,,,
iskouk:T8XMIVM7,skos:Concept,iskouk:subjects,iskouk:subjects,,Sectors,,,,,,,,,,
iskouk:HGEXO1DP,skos:Concept,iskouk:subjects,,iskouk:T8XMIVM7,Charities,,,,,,,,,,
iskouk:RLKI1546,skos:Concept,iskouk:subjects,,iskouk:T8XMIVM7,Commerce,,,,,,,,,,
iskouk:DRFAH2EM,skos:Concept,iskouk:subjects,,iskouk:RLKI1546,Banking,,,,,,,,,,
iskouk:HU6BN1JI,skos:Concept,iskouk:subjects,,iskouk:RLKI1546,e-Commerce,,,,,,,,,,
iskouk:DHASU2Q4,skos:Concept,iskouk:subjects,,iskouk:RLKI1546,Finance,,Banking,,,,,,,,
iskouk:FWXBPXIL,skos:Concept,iskouk:subjects,,iskouk:T8XMIVM7,Education,,,,,,,,,,
iskouk:ST2CTB0C,skos:Concept,iskouk:subjects,,iskouk:FWXBPXIL,Social learning,,,,,,,,,,
iskouk:005THP1B,skos:Concept,iskouk:subjects,,iskouk:FWXBPXIL,Universities,,Higher education,Academia,,,,,,,
iskouk:5Z1NUJ8G,skos:Concept,iskouk:subjects,,iskouk:T8XMIVM7,Engineering,,,,,,,,,,
iskouk:U74NOUUL,skos:Concept,iskouk:subjects,,iskouk:5Z1NUJ8G,Civil engineering,,,,,,,,,,
iskouk:M6H6XIBY,skos:Concept,iskouk:subjects,,iskouk:T8XMIVM7,Environment,,Environmental protection,,,,,,,,
iskouk:7QSL3R6N,skos:Concept,iskouk:subjects,,iskouk:T8XMIVM7,Health,,Healthcare,,,,,,,,
iskouk:U169R24M,skos:Concept,iskouk:subjects,,iskouk:7QSL3R6N,Health protection,,,,,,,,,,
iskouk:6DJ82O1I,skos:Concept,iskouk:subjects,,iskouk:T8XMIVM7,Humanities,,The Arts,Social science,,,,,,,
iskouk:ZZAC19NJ,skos:Concept,iskouk:subjects,,iskouk:6DJ82O1I,Archaeology,,,,,,,,,,
iskouk:FQN3F8UG,skos:Concept,iskouk:subjects,,iskouk:6DJ82O1I,Architecture,,,,,,,,,,
iskouk:ITG7XTCP,skos:Concept,iskouk:subjects,,iskouk:6DJ82O1I,Art,,Painting,,,,,,,,
iskouk:M7O7FVTN,skos:Concept,iskouk:subjects,,iskouk:6DJ82O1I,Cinema,,Movies,Films,Performing arts,,,,,,
iskouk:B3JR156V,skos:Concept,iskouk:subjects,,iskouk:6DJ82O1I,Geography,,,,,,,,,,
iskouk:TDR9S103,skos:Concept,iskouk:subjects,,iskouk:6DJ82O1I,History,,,,,,,,,,
iskouk:J2VKM2ZO,skos:Concept,iskouk:subjects,,iskouk:6DJ82O1I,Law,,,,,,,,,,
iskouk:QHI3KC0M,skos:Concept,iskouk:subjects,,iskouk:6DJ82O1I,Library and information science,,LIS,Library science,Librarianship,Information science,,,,,
iskouk:URTHVEAH,skos:Concept,iskouk:subjects,,iskouk:6DJ82O1I,Museums and art galleries,,Cultural heritage,Heritage institutions,,,,,,,
iskouk:N6BVA9P2,skos:Concept,iskouk:subjects,,iskouk:6DJ82O1I,Music,,Performing arts,,,,,,,,
iskouk:5UGB0MMB,skos:Concept,iskouk:subjects,,iskouk:6DJ82O1I,Philosophy,,,,,,,,,,
iskouk:Y2ZCKBE7,skos:Concept,iskouk:subjects,,iskouk:6DJ82O1I,Politics,,,,,,,,,,
iskouk:74QF41BO,skos:Concept,iskouk:subjects,,iskouk:6DJ82O1I,Theatre,,Performing arts,,,,,,,,
iskouk:GPY66LUH,skos:Concept,iskouk:subjects,,iskouk:T8XMIVM7,Journalism,,News,,,,,,,,
iskouk:0TXEB67G,skos:Concept,iskouk:subjects,,iskouk:T8XMIVM7,Manufacturing,,,,,,,,,,
iskouk:Z2GIPX0Y,skos:Concept,iskouk:subjects,,iskouk:0TXEB67G,Motor industry,,Cars,,,,,,,,
iskouk:E0BZWEEC,skos:Concept,iskouk:subjects,,iskouk:0TXEB67G,Pharmaceuticals,,Pharmacology,,,,,,,,
iskouk:AX075AC1,skos:Concept,iskouk:subjects,,iskouk:0TXEB67G,Publishing,,,,,,,,,,
iskouk:VIV9A2YC,skos:Concept,iskouk:subjects,,iskouk:T8XMIVM7,Oil and gas,,,,,,,,,,
iskouk:5Q4KFVJM,skos:Concept,iskouk:subjects,,iskouk:T8XMIVM7,Public sector,,Public administration,,,,,,,,
iskouk:FH2I9PFT,skos:Concept,iskouk:subjects,,iskouk:5Q4KFVJM,Central government,,,,,,,,,,
iskouk:AZIWEKBJ,skos:Concept,iskouk:subjects,,iskouk:5Q4KFVJM,Local government,,Local authorities,,,,,,,,
iskouk:3WM8Y0O9,skos:Concept,iskouk:subjects,,iskouk:5Q4KFVJM,Parliament,,,,,,,,,,
iskouk:ZI3KIFKX,skos:Concept,iskouk:subjects,,iskouk:T8XMIVM7,Science,,,,,,,,,,
iskouk:KM97CK4K,skos:Concept,iskouk:subjects,,iskouk:ZI3KIFKX,Aeronautics,,,,,,,,,,
iskouk:FFIUH6QN,skos:Concept,iskouk:subjects,,iskouk:ZI3KIFKX,Aquatic science,,,,,,,,,,
iskouk:8WDAPEM8,skos:Concept,iskouk:subjects,,iskouk:ZI3KIFKX,Chemistry,,,,,,,,,,
iskouk:7G55GHKM,skos:Concept,iskouk:subjects,,iskouk:ZI3KIFKX,Life science,,Ecology,Biodiversity,Natural history,Biology,,,,,
iskouk:W4D9ML68,skos:Concept,iskouk:subjects,,iskouk:ZI3KIFKX,Mathematics,,,,,,,,,,
iskouk:PHP2YCSR,skos:Concept,iskouk:subjects,,iskouk:ZI3KIFKX,Medical science,,Biomedicine,,,,,,,,
iskouk:MQZ2DDDX,skos:Concept,iskouk:subjects,,iskouk:ZI3KIFKX,Mineralogy,,,,,,,,,,
iskouk:2B5Y3J4U,skos:Concept,iskouk:subjects,iskouk:subjects,,Social aspects,,,,,,,,,,
iskouk:C1OI14HO,skos:Concept,iskouk:subjects,,iskouk:2B5Y3J4U,Access to information,,,,,,,,,,
iskouk:LBCYCEYA,skos:Concept,iskouk:subjects,,iskouk:2B5Y3J4U,Censorship,,,,,,,,,,
iskouk:1VWJX996,skos:Concept,iskouk:subjects,,iskouk:2B5Y3J4U,Crowdsourcing,,,,,,,,,,
iskouk:B2NDN6KH,skos:Concept,iskouk:subjects,,iskouk:2B5Y3J4U,Disinformation,,,,,,,,,,
iskouk:OHRY7ZUH,skos:Concept,iskouk:subjects,,iskouk:2B5Y3J4U,Ethics,,,,,,,,,,
iskouk:IPA5V5AM,skos:Concept,iskouk:subjects,,iskouk:2B5Y3J4U,Fake news,,,,,,,,,,
iskouk:ZIO1BG9Z,skos:Concept,iskouk:subjects,,iskouk:2B5Y3J4U,Information literacy,,,,,,,,,,
iskouk:ZHX5KNP5,skos:Concept,iskouk:subjects,,iskouk:2B5Y3J4U,Intellectual property,,IP,Copyright,,,,,,,
iskouk:0VMQ8DHJ,skos:Concept,iskouk:subjects,,iskouk:ZHX5KNP5,Open Government Licence,,,,,,,,,,
iskouk:9N9RIC05,skos:Concept,iskouk:subjects,,iskouk:2B5Y3J4U,Legislation,,,,,,,,,,
iskouk:0R6F8PDM,skos:Concept,iskouk:subjects,,iskouk:9N9RIC05,Data Protection Act,,DPA,DP law,,,,,,,
iskouk:4ER4MT26,skos:Concept,iskouk:subjects,,iskouk:9N9RIC05,Freedom of Information Act,,FOIA,,,,,,,,
iskouk:YZF0P84A,skos:Concept,iskouk:subjects,,iskouk:9N9RIC05,General Data Protection Regulation,,GDPR,,,,,,,,
iskouk:SDWWBUJU,skos:Concept,iskouk:subjects,,iskouk:9N9RIC05,Protection of Freedoms Act,,Protection of Freedoms Bill,PoFA,,,,,,,
iskouk:M8F1HSYC,skos:Concept,iskouk:subjects,,iskouk:2B5Y3J4U,Objectivity,,,,,,,,,,
iskouk:PY1WMR1C,skos:Concept,iskouk:subjects,iskouk:subjects,,User behaviours,,Information behaviour,,,,,,,,
iskouk:LK4TLO46,skos:Concept,iskouk:subjects,,iskouk:PY1WMR1C,Browsing,,,,,,,,,,
iskouk:8RJ9U9BC,skos:Concept,iskouk:subjects,,iskouk:PY1WMR1C,Searching,,,,,,,,,,
iskouk:X22DNMQ8,skos:Concept,iskouk:subjects,,iskouk:PY1WMR1C,User journeys,,,,,,,,,,